year,month,total_rainfall,traffic_in
2015,1,79.6,3384.3225806451615
2015,2,18.8,7256.928571428572
2015,3,84.4,7156.258064516129
2015,4,73.2,6947.966666666666
2015,5,89.0,7238.1612903225805
2015,6,95.8,7367.766666666666
2015,7,116.8,7023.354838709677
2015,8,185.8,6018.741935483871
2015,9,61.6,5205.0
2015,10,87.2,5604.1612903225805
2015,11,72.6,6525.533333333334
2015,12,302.3,9863.09677419355
